{
    "2026-01-29": {
        "财通优选C (金梓才/AI)": -3.1417619089452566,
        "摩根均衡C (梁鹏/周期)": 0.09161316634915345,
        "泰康新锐C (韩庆/成长)": -1.4167620039749242
    }
}